CREATE TABLE [VENDEDOR]
(
[COD_VENDEDOR] INTEGER NOT NULL,
[COD_USUARIO] INTEGER NOT NULL,
[COD_LOJA] INTEGER NOT NULL,
[NOME] NVARCHAR(160) NOT NULL,
[CPF] NVARCHAR(160) NOT NULL,
[ENDERECO] NVARCHAR(160) NOT NULL,
[TELEFONE] NVARCHAR(160) NOT NULL,
[ADMIN] NVARCHAR(160) NOT NULL,
CONSTRAINT [PK_VENDEDOR] PRIMARY KEY ([COD_VENDEDOR])
CONSTRAINT [FK_USUARIO] FOREIGN KEY ([COD_USUARIO]) REFERENCES USUARIO(COD_USUARIO)
CONSTRAINT [FK_LOJA] FOREIGN KEY ([COD_LOJA]) REFERENCES LOJA(COD_LOJA)
);
CREATE UNIQUE INDEX [IPK_VENDEDOR] ON [VENDEDOR]([COD_VENDEDOR]);

CREATE TABLE [CLIENTE]
(
[COD_CLIENTE] INTEGER NOT NULL,
[COD_USUARIO] INTEGER NOT NULL,
[NOME] NVARCHAR(160) NOT NULL,
[CPF] NVARCHAR(160) NOT NULL,
[ENDERECO] NVARCHAR(160) NOT NULL,
[TELEFONE] NVARCHAR(160) NOT NULL,
CONSTRAINT [PK_CLIENTE] PRIMARY KEY ([COD_CLIENTE])
CONSTRAINT [FK_USUARIO] FOREIGN KEY ([COD_USUARIO]) REFERENCES USUARIO(COD_USUARIO)
);
CREATE UNIQUE INDEX [IPK_CLIENTE] ON [CLIENTE]([COD_CLIENTE]);

CREATE TABLE [USUARIO]
(
[COD_USUARIO] INTEGER NOT NULL,
[LOGIN] NVARCHAR(160) NOT NULL,
[SENHA] NVARCHAR(160) NOT NULL,
[EMAIL] NVARCHAR(160) NOT NULL,
CONSTRAINT [PK_USUARIO] PRIMARY KEY ([COD_USUARIO])
);
CREATE UNIQUE INDEX [IPK_USUARIO] ON [USUARIO]([COD_USUARIO]);

CREATE TABLE [FORNECEDOR]
(
[COD_FORNECEDOR] INTEGER NOT NULL,
[NOME] NVARCHAR(160) NOT NULL,
[EMAIL] NVARCHAR(160) NOT NULL,
[ENDERECO] NVARCHAR(160) NOT NULL,
[CNPJ] NVARCHAR(160) NOT NULL,
[TELEFONE] NVARCHAR(160) NOT NULL,
CONSTRAINT [PK_FORNECEDOR] PRIMARY KEY ([COD_FORNECEDOR])
);
CREATE UNIQUE INDEX [IPK_FORNECEDOR] ON [FORNECEDOR]([COD_FORNECEDOR]);

CREATE TABLE [LOJA]
(
[COD_LOJA] INTEGER NOT NULL,
[NOME] NVARCHAR(160) NOT NULL,
[ENDERECO] NVARCHAR(160) NOT NULL,
[TELEFONE] NVARCHAR(160) NOT NULL,
CONSTRAINT [PK_LOJA] PRIMARY KEY ([COD_LOJA])
);
CREATE UNIQUE INDEX [IPK_LOJA] ON [LOJA]([COD_LOJA]);

CREATE TABLE [PRODUTO]
(
[COD_PRODUTO] INTEGER NOT NULL,
[COD_FORNECEDOR] INTEGER NOT NULL,
[NOME] NVARCHAR(160) NOT NULL,
[VLR_PRODUTO] FLOAT(12,2) NOT NULL,
CONSTRAINT [PK_PRODUTO] PRIMARY KEY ([COD_PRODUTO])
CONSTRAINT [FK_FORNECEDOR] FOREIGN KEY ([COD_FORNECEDOR]) REFERENCES FORNECEDOR(COD_FORNECEDOR)
);
CREATE UNIQUE INDEX [IPK_PRODUTO] ON [PRODUTO]([COD_PRODUTO]);

CREATE TABLE [ESTOQUE]
(
[COD_ESTOQUE] INTEGER NOT NULL,
[COD_PRODUTO] INTEGER NOT NULL,
[COD_LOJA] INTEGER NOT NULL,
[QTD_PRODUTO] INTEGER NOT NULL,
CONSTRAINT [PK_ESTOQUE] PRIMARY KEY ([COD_ESTOQUE])
CONSTRAINT [FK_PRODUTO] FOREIGN KEY ([COD_PRODUTO]) REFERENCES PRODUTO(COD_PRODUTO)
CONSTRAINT [FK_LOJA] FOREIGN KEY ([COD_LOJA]) REFERENCES LOJA(COD_LOJA)
);
CREATE UNIQUE INDEX [IPK_ESTOQUE] ON [ESTOQUE]([COD_ESTOQUE]);

CREATE TABLE [PEDIDO]
(
[COD_PEDIDO] INTEGER NOT NULL,
[COD_CLIENTE] INTEGER NOT NULL,
[COD_VENDEDOR] INTEGER NOT NULL,
[COD_LOJA] INTEGER NOT NULL,
[STATUS] NVARCHAR(160) NOT NULL,
[TEMPO_ESPERA] NVARCHAR(160) NOT NULL,
[VLR_PEDIDO] FLOAT(12,2) NOT NULL,
[DATA] DATETIME NOT NULL,
CONSTRAINT [PK_PEDIDO] PRIMARY KEY ([COD_PEDIDO])
CONSTRAINT [FK_CLIENTE] FOREIGN KEY ([COD_CLIENTE]) REFERENCES CLIENTE(COD_CLIENTE)
CONSTRAINT [FK_VENDEDOR] FOREIGN KEY ([COD_VENDEDOR]) REFERENCES VENDEDOR(COD_VENDEDOR)
CONSTRAINT [FK_LOJA] FOREIGN KEY ([COD_LOJA]) REFERENCES LOJA(COD_LOJA)
);
CREATE UNIQUE INDEX [IPK_PEDIDO] ON [PEDIDO]([COD_PEDIDO]);

CREATE TABLE [ITENS_PEDIDO]
(
[COD_ITENS_PEDIDO] INTEGER NOT NULL,
[COD_PEDIDO] INTEGER NOT NULL,
[COD_PRODUTO] INTEGER NOT NULL,
[QTD_PRODUTO] INTEGER(160) NOT NULL,
CONSTRAINT [PK_ITENS_PEDIDO] PRIMARY KEY ([COD_ITENS_PEDIDO])
CONSTRAINT [FK_PEDIDO] FOREIGN KEY ([COD_PEDIDO]) REFERENCES PEDIDO(COD_PEDIDO)
CONSTRAINT [FK_PRODUTO] FOREIGN KEY ([COD_PRODUTO]) REFERENCES PRODUTO(COD_PRODUTO)
);
CREATE UNIQUE INDEX [IPK_ITENS_PEDIDO] ON [ITENS_PEDIDO]([COD_ITENS_PEDIDO]);

CREATE TABLE [RELATORIO]
(
[COD_RELATORIO] INTEGER NOT NULL,
[COD_LOJA] INTEGER NOT NULL,
[VLR_TOTAL] FLOAT(12,2) NOT NULL,
[DATA_INICIO] DATETIME NOT NULL,
[DATA_FIM] DATETIME NOT NULL,
CONSTRAINT [PK_RELATORIO] PRIMARY KEY ([COD_RELATORIO])
CONSTRAINT [FK_LOJA] FOREIGN KEY ([COD_LOJA]) REFERENCES LOJA(COD_LOJA)
);
CREATE UNIQUE INDEX [IPK_RELATORIO] ON [RELATORIO]([COD_RELATORIO]);


-----------------------------------------------------------------------


INSERT INTO VENDEDOR (COD_VENDEDOR, COD_USUARIO, COD_LOJA, NOME, CPF, ENDERECO, TELEFONE, ADMIN)
VALUES ('1', '1','1', 'PEDRO', '54789575488', 'R. Alves, 391', '31999915585', 'BH');

INSERT INTO VENDEDOR (COD_VENDEDOR, COD_USUARIO, COD_LOJA, NOME, CPF, ENDERECO, TELEFONE, ADMIN)
VALUES ('2', '1', '1', 'FABIANA', '45785948526', 'R. Vinte, 45', '31987459865', 'BH');

INSERT INTO VENDEDOR (COD_VENDEDOR, COD_USUARIO, COD_LOJA, NOME, CPF, ENDERECO, TELEFONE, ADMIN)
VALUES ('3', '2', '2', 'JUNIOR', '68597412855', 'Av. Paulista, 14789', '11981784578', 'SP');

INSERT INTO VENDEDOR (COD_VENDEDOR, COD_USUARIO, COD_LOJA, NOME, CPF, ENDERECO, TELEFONE, ADMIN)
VALUES ('4', '3', '3', 'RAFAELA', '01285795438', 'R. Goitacazes, 78', '021998852703', 'RJ');



INSERT INTO CLIENTE (COD_CLIENTE, COD_USUARIO, NOME, CPF, ENDERECO, TELEFONE)
VALUES ('1', '1', 'ANGELO', '78458935144', 'R. Dois, 12', '31987458965');

INSERT INTO CLIENTE (COD_CLIENTE, COD_USUARIO, NOME, CPF, ENDERECO, TELEFONE)
VALUES ('2', '1', 'GUILHERME', '44588659247', 'R. Carijos, 7985', '31985457895');

INSERT INTO CLIENTE (COD_CLIENTE, COD_USUARIO, NOME, CPF, ENDERECO, TELEFONE)
VALUES ('3', '4', 'MARIA', '02178598855', 'R. SP, 24', '011995654679');

INSERT INTO CLIENTE (COD_CLIENTE, COD_USUARIO, NOME, CPF, ENDERECO, TELEFONE)
VALUES ('4', '4', 'ISABELA', '02356878955', 'R. AMAZONAS, 45785', '021985786895');



INSERT INTO USUARIO (COD_USUARIO, LOGIN, SENHA, EMAIL)
VALUES ('1', '01011', 'pedro123', 'pedro@gmail.com');

INSERT INTO USUARIO (COD_USUARIO, LOGIN, SENHA, EMAIL)
VALUES ('2', '01012', 'fabi4444', 'fabiana@gmail.com');

INSERT INTO USUARIO (COD_USUARIO, LOGIN, SENHA, EMAIL)
VALUES ('3', '02023', 'junior157', 'junior@gmail.com');

INSERT INTO USUARIO (COD_USUARIO, LOGIN, SENHA, EMAIL)
VALUES ('4', '03034', 'rafanota10', 'rafaela@gmail.com');



INSERT INTO FORNECEDOR (COD_FORNECEDOR, NOME, EMAIL, ENDERECO, CNPJ, TELEFONE)
VALUES ('1', 'ALVORADA', 'alvorada@gmail.com', 'Av. Petropoles, 7123', '20441036000118', '3134121113');

INSERT INTO FORNECEDOR (COD_FORNECEDOR, NOME, EMAIL, ENDERECO, CNPJ, TELEFONE)
VALUES ('2', 'CARRAO', 'carrao@gmail.com', 'Av. Petropoles, 425', '54798658000145', '3134620158');

INSERT INTO FORNECEDOR (COD_FORNECEDOR, NOME, EMAIL, ENDERECO, CNPJ, TELEFONE)
VALUES ('3', 'CONTINENTAL', 'continental@gmail.com', 'Av. Maio, 853', '78954685000125', '02134623599');	

INSERT INTO FORNECEDOR (COD_FORNECEDOR, NOME, EMAIL, ENDERECO, CNPJ, TELEFONE)
VALUES ('4', 'PONTUAL', 'pontual@gmail.com', 'Av. Fortaleza, 7123', '20441036000118', '01134119066');



INSERT INTO PRODUTO (COD_PRODUTO, COD_FORNECEDOR, NOME, VLR_PRODUTO)
VALUES ('1', '4', 'GIN', '219,90');

INSERT INTO PRODUTO (COD_PRODUTO, COD_FORNECEDOR, NOME, VLR_PRODUTO)
VALUES ('2', '2', 'WHISKY', '189,90');

INSERT INTO PRODUTO (COD_PRODUTO, COD_FORNECEDOR, NOME, VLR_PRODUTO)
VALUES ('3', '1', 'VODKA', '45,00');

INSERT INTO PRODUTO (COD_PRODUTO, COD_FORNECEDOR, NOME, VLR_PRODUTO)
VALUES ('4', '3', 'CERVEJA', '10,00');



INSERT INTO LOJA (COD_LOJA, NOME, ENDERECO, TELEFONE)
VALUES ('1', 'ADEGA DO PAI', 'Av. Paraiba, 567', '31985467985');

INSERT INTO LOJA (COD_LOJA, NOME, ENDERECO, TELEFONE)
VALUES ('2', 'ADEGA DO CARANGO', 'R. Pernambuco, 44', '31977859658');

INSERT INTO LOJA (COD_LOJA, NOME, ENDERECO, TELEFONE)
VALUES ('3', 'ADEGA DO BIEL', 'Av. Paraiba, 567', '31985467985');

INSERT INTO LOJA (COD_LOJA, NOME, ENDERECO, TELEFONE)
VALUES ('4', 'ADEGA DO JOAO', 'Av. Paraiba, 478', '31985778596');



INSERT INTO ESTOQUE (COD_ESTOQUE, COD_PRODUTO, COD_LOJA, QTD_PRODUTO)
VALUES ('1', '1', '1', '78');

INSERT INTO ESTOQUE (COD_ESTOQUE, COD_PRODUTO, COD_LOJA, QTD_PRODUTO)
VALUES ('2', '4', '2', '200');

INSERT INTO ESTOQUE (COD_ESTOQUE, COD_PRODUTO, COD_LOJA, QTD_PRODUTO)
VALUES ('3', '2', '3', '1000');

INSERT INTO ESTOQUE (COD_ESTOQUE, COD_PRODUTO, COD_LOJA, QTD_PRODUTO)
VALUES ('4', '3', '4', '10785');



INSERT INTO PEDIDO (COD_PEDIDO, COD_CLIENTE, COD_VENDEDOR , COD_LOJA, STATUS, TEMPO_ESPERA, VLR_PEDIDO, "DATA")
VALUES ('1', '1', '1', '1', 'A CAMINHO', '1H', '180,00', '18/11/2023');

INSERT INTO PEDIDO (COD_PEDIDO, COD_CLIENTE, COD_VENDEDOR , COD_LOJA, STATUS, TEMPO_ESPERA, VLR_PEDIDO, "DATA")
VALUES ('2', '2', '3', '3', 'PREPARANDO', '22min', '135,00', '18/11/2023');

INSERT INTO PEDIDO (COD_PEDIDO, COD_CLIENTE, COD_VENDEDOR , COD_LOJA, STATUS, TEMPO_ESPERA, VLR_PEDIDO, "DATA")
VALUES ('3', '3', '2', '2', 'A CAMINHO', '1H30min', '569,70', '18/11/2023');

INSERT INTO PEDIDO (COD_PEDIDO, COD_CLIENTE, COD_VENDEDOR , COD_LOJA, STATUS, TEMPO_ESPERA, VLR_PEDIDO, "DATA")
VALUES ('4', '4', '4', '4', 'CONFIRMANDO PAGAMENTO', '2H', '219,90', '18/11/2023');



INSERT INTO ITENS_PEDIDO (COD_ITENS_PEDIDO, COD_PEDIDO, COD_PRODUTO, QTD_PRODUTO)
VALUES ('1', '1', '3', '4');

INSERT INTO ITENS_PEDIDO (COD_ITENS_PEDIDO, COD_PEDIDO, COD_PRODUTO, QTD_PRODUTO)
VALUES ('2', '2','3', '3');

INSERT INTO ITENS_PEDIDO (COD_ITENS_PEDIDO, COD_PEDIDO, COD_PRODUTO, QTD_PRODUTO)
VALUES ('3', '3', '2', '3');

INSERT INTO ITENS_PEDIDO (COD_ITENS_PEDIDO, COD_PEDIDO, COD_PRODUTO, QTD_PRODUTO)
VALUES ('4', '4', '1', '1');



INSERT INTO RELATORIO (COD_RELATORIO, COD_LOJA, VLR_TOTAL, DATA_INICIO, DATA_FIM)
VALUES ('1', '1', '180,00', '17/11/2023', '19/11/2023');

INSERT INTO RELATORIO (COD_RELATORIO, COD_LOJA, VLR_TOTAL, DATA_INICIO, DATA_FIM)
VALUES ('2', '3', '135,00', '17/11/2023', '19/11/2023');

INSERT INTO RELATORIO (COD_RELATORIO, COD_LOJA, VLR_TOTAL, DATA_INICIO, DATA_FIM)
VALUES ('3', '2', '569,70', '17/11/2023', '19/11/2023');

INSERT INTO RELATORIO (COD_RELATORIO, COD_LOJA, VLR_TOTAL, DATA_INICIO, DATA_FIM)
VALUES ('4', '4', '219,90', '17/11/2023', '19/11/2023');

-----------------------------------------------------------------------

SELECT * FROM VENDEDOR v WHERE COD_VENDEDOR LIKE '%2';

SELECT * FROM VENDEDOR v WHERE NOME LIKE 'PEDRO%';

SELECT * FROM VENDEDOR v WHERE COD_VENDEDOR LIKE '4';

SELECT * FROM VENDEDOR v WHERE NOME LIKE 'JUNIOR%';



SELECT * FROM CLIENTE c WHERE COD_CLIENTE LIKE '%1';

SELECT * FROM CLIENTE c WHERE NOME LIKE 'MARIA%';

SELECT * FROM CLIENTE c WHERE COD_CLIENTE LIKE '%2';

SELECT * FROM CLIENTE c WHERE NOME LIKE 'ISABELA%';



SELECT * FROM USUARIO u WHERE COD_USUARIO LIKE '%1';

SELECT * FROM USUARIO u WHERE COD_USUARIO LIKE '%2';

SELECT * FROM USUARIO u WHERE COD_USUARIO LIKE '%3';

SELECT * FROM USUARIO u WHERE COD_USUARIO LIKE '%4';



SELECT * FROM FORNECEDOR f WHERE CNPJ LIKE '54798658000145';

SELECT * FROM FORNECEDOR f WHERE NOME LIKE 'ALVORADA%';

SELECT * FROM FORNECEDOR f WHERE COD_FORNECEDOR LIKE '%4';

SELECT * FROM FORNECEDOR f WHERE COD_FORNECEDOR LIKE '%3';



SELECT * FROM LOJA l WHERE COD_LOJA LIKE '%4';

SELECT * FROM LOJA l WHERE NOME LIKE 'ADEGA DO CARANGO%';

SELECT * FROM LOJA l WHERE COD_LOJA LIKE '%3';

SELECT * FROM LOJA l WHERE NOME LIKE 'ADEGA DO PAI%';



SELECT * FROM PRODUTO p WHERE NOME LIKE 'GIN%';

SELECT * FROM PRODUTO p WHERE COD_PRODUTO '%4';

SELECT * FROM PRODUTO p WHERE COD_PRODUTO '%2';

SELECT * FROM PRODUTO p WHERE NOME LIKE 'CERVEJA%';



SELECT * FROM ESTOQUE e WHERE COD_ESTOQUE LIKE '%1';

SELECT * FROM ESTOQUE e WHERE COD_PRODUTO LIKE '%2';

SELECT * FROM ESTOQUE e WHERE COD_LOJA LIKE '%3';

SELECT * FROM ESTOQUE e WHERE COD_PRODUTO LIKE '%2';



SELECT * FROM PEDIDO p WHERE STATUS LIKE 'A CAMINHO%';

SELECT * FROM PEDIDO p WHERE COD_PEDIDO LIKE '%2';

SELECT * FROM PEDIDO p WHERE COD_CLIENTE LIKE '%1';

SELECT * FROM PEDIDO p WHERE COD_VENDEDOR LIKE '%4';



SELECT * FROM ITENS_PEDIDO ip WHERE COD_ITENS_PEDIDO LIKE '%1';

SELECT * FROM ITENS_PEDIDO ip WHERE COD_PRODUTO LIKE '%2';

SELECT * FROM ITENS_PEDIDO ip WHERE COD_PEDIDO LIKE '%3';

SELECT * FROM ITENS_PEDIDO ip WHERE COD_ITENS_PEDIDO LIKE '%4';



SELECT * FROM RELATORIO r WHERE DATA_INICIO LIKE '%17/11/2023';

SELECT * FROM RELATORIO r WHERE DATA_FIM LIKE '%19/11/2023';

SELECT * FROM RELATORIO r WHERE COD_RELATORIO LIKE '%1';

SELECT * FROM RELATORIO r WHERE COD_LOJA LIKE '%3';

-----------------------------------------------------------------------

UPDATE VENDEDOR SET NOME = 'JULIA' WHERE COD_VENDEDOR = 1;

UPDATE VENDEDOR SET COD_VENDEDOR = '1' WHERE COD_USUARIO = 3; 

UPDATE VENDEDOR SET COD_VENDEDOR = '1' WHERE NOME = FABIANA;

UPDATE VENDEDOR SET COD_LOJA = '1' WHERE NOME = PEDRO;



UPDATE CLIENTE SET NOME = 'JORJAO' WHERE COD_CLIENTE = 1;

UPDATE CLIENTE SET COD_CLIENTE = 1 WHERE COD_USUARIO = 1;

UPDATE CLIENTE SET ENDERECO = 'R. Dos Palmares, 567' WHERE COD_CLIENTE = 1;

UPDATE CLIENTE SET COD_USUARIO = '1' WHERE NOME = JORJAO;



UPDATE USUARIO SET EMAIL = 'pedro@outlook.com' WHERE COD_USUARIO = 1;

UPDATE USUARIO SET COD_USUARIO = '1' WHERE EMAIL = 'pedro@gmail.com';

UPDATE USUARIO SET EMAIL = 'jorjao@outlook.com' WHERE COD_USUARIO = 3;

UPDATE USUARIO SET EMAIL = 'fabi@outlook.com' WHERE COD_USUARIO = 2;



UPDATE FORNECEDOR SET ENDERECO = 'Av. Pedro II, 4044' WHERE COD_FORNECEDOR = 1;

UPDATE FORNECEDOR SET NOME = 'CARROES' WHERE COD_FORNECEDOR = 2;

UPDATE FORNECEDOR SET TELEFONE = '03134119066' WHERE NOME = PONTUAL;

UPDATE FORNECEDOR SET ENDERECO = 'Av. Pedro II, 4725' WHERE COD_FORNECEDOR = 4;



UPDATE LOJA SET NOME = 'ADEGA DO CAICARA' WHERE COD_LOJA = 4;

UPDATE LOJA SET ENDERECO = 'R. Cafezal, 22' WHERE COD_LOJA = 4;

UPDATE LOJA SET TELEFONE = '3132344424' WHERE NOME = ADEGA DO CAICARA;

UPDATE LOJA SET COD_LOJA = '4' WHERE TELEFONE = 3132344424; 



UPDATE PRODUTO SET NOME = 'WHISKEY' WHERE COD_PRODUTO = 2;

UPDATE PRODUTO SET VLR_PRODUTO = '190' WHERE COD_PRODUTO = 2;

UPDATE PRODUTO SET COD_FORNECEDOR = '1' WHERE COD_PRODUTO = 2;

UPDATE PRODUTO SET NOME = 'BREJA' WHERE NOME = CERVEJA;



UPDATE ESTOQUE SET QTD_PRODUTO = '56000' WHERE COD_PRODUTO = 4;

UPDATE ESTOQUE SET QTD_PRODUTO = '800' WHERE COD_PRODUTO = 2;

UPDATE ESTOQUE SET COD_LOJA = '3' WHERE COD_ESTOQUE = 1;

UPDATE ESTOQUE SET COD_ESTOQUE = '4' WHERE COD_PRODUTO = 1;



UPDATE PEDIDO SET STATUS = 'ENTREGUE' WHERE COD_PEDIDO = 4;

UPDATE PEDIDO SET COD_LOJA = '1' WHERE STATUS = ENTREGUE;

UPDATE PEDIDO SET COD_VENDEDOR = '1' WHERE COD_PEDIDO = 4;

UPDATE PEDIDO SET STATUS = 'ENTREGUE' WHERE STATUS = AGUARDANDO PAGAMENTO;



UPDATE ITENS_PEDIDO SET COD_ITENS_PEDIDO = '2' WHERE COD_PRODUTO = 4;

UPDATE ITENS_PEDIDO SET COD_PEDIDO = '2' WHERE COD_ITENS_PEDIDO = 2;

UPDATE ITENS_PEDIDO SET COD_PRODUTO = '2' WHERE COD_ITENS_PEDIDO = 2;

UPDATE ITENS_PEDIDO SET COD_PEDIDO = '4' WHERE COD_ITENS_PEDIDO = 1;



UPDATE RELATORIO SET DATA_FIM = '20/11/2023' WHERE COD_LOJA = 1;

UPDATE RELATORIO SET DATA_INICIO = '20/09/2023' WHERE COD_LOJA = 1;

UPDATE RELATORIO SET COD_RELATORIO = '5' WHERE COD_LOJA = 1;

UPDATE RELATORIO SET COD_RELATORIO = '1' WHERE COD_RELATORIO = 5;

-----------------------------------------------------------------------

DELETE FROM VENDEDOR v WHERE COD_VENDEDOR LIKE '%2';

DELETE FROM VENDEDOR v WHERE NOME LIKE 'PEDRO%';

DELETE FROM VENDEDOR v WHERE COD_VENDEDOR LIKE '4';

DELETE FROM VENDEDOR v WHERE NOME LIKE 'JUNIOR%';



DELETE FROM CLIENTE c WHERE COD_CLIENTE LIKE '%1';

DELETE FROM CLIENTE c WHERE NOME LIKE 'MARIA%';

DELETE FROM CLIENTE c WHERE COD_CLIENTE LIKE '%2';

DELETE FROM CLIENTE c WHERE NOME LIKE 'ISABELA%';



DELETE FROM USUARIO u WHERE COD_USUARIO LIKE '%1';

DELETE FROM USUARIO u WHERE COD_USUARIO LIKE '%2';

DELETE FROM USUARIO u WHERE COD_USUARIO LIKE '%3';

DELETE FROM USUARIO u WHERE COD_USUARIO LIKE '%4';



DELETE FROM FORNECEDOR f WHERE CNPJ LIKE '54798658000145';

DELETE FROM FORNECEDOR f WHERE NOME LIKE 'ALVORADA%';

DELETE FROM FORNECEDOR f WHERE COD_FORNECEDOR LIKE '%4';

DELETE FROM FORNECEDOR f WHERE COD_FORNECEDOR LIKE '%3';



DELETE FROM LOJA l WHERE COD_LOJA LIKE '%4';

DELETE FROM LOJA l WHERE NOME LIKE 'ADEGA DO CARANGO%';

DELETE FROM LOJA l WHERE COD_LOJA LIKE '%3';

DELETE FROM LOJA l WHERE NOME LIKE 'ADEGA DO PAI%';



DELETE FROM PRODUTO p WHERE NOME LIKE 'GIN%';

DELETE FROM PRODUTO p WHERE COD_PRODUTO '%4';

DELETE FROM PRODUTO p WHERE COD_PRODUTO '%2';

DELETE FROM PRODUTO p WHERE NOME LIKE 'CERVEJA%';



DELETE FROM ESTOQUE e WHERE COD_ESTOQUE LIKE '%1';

DELETE FROM ESTOQUE e WHERE COD_PRODUTO LIKE '%2';

DELETE FROM ESTOQUE e WHERE COD_LOJA LIKE '%3';

DELETE FROM ESTOQUE e WHERE COD_PRODUTO LIKE '%2';



DELETE FROM PEDIDO p WHERE STATUS LIKE 'A CAMINHO%';

DELETE FROM PEDIDO p WHERE COD_PEDIDO LIKE '%2';

DELETE FROM PEDIDO p WHERE COD_CLIENTE LIKE '%1';

DELETE FROM PEDIDO p WHERE COD_VENDEDOR LIKE '%4';



DELETE FROM ITENS_PEDIDO ip WHERE COD_ITENS_PEDIDO LIKE '%1';

DELETE FROM ITENS_PEDIDO ip WHERE COD_PRODUTO LIKE '%2';

DELETE FROM ITENS_PEDIDO ip WHERE COD_PEDIDO LIKE '%3';

DELETE FROM ITENS_PEDIDO ip WHERE COD_ITENS_PEDIDO LIKE '%4';



DELETE FROM RELATORIO r WHERE DATA_INICIO LIKE '%17/11/2023';

DELETE FROM RELATORIO r WHERE DATA_FIM LIKE '%19/11/2023';

DELETE FROM RELATORIO r WHERE COD_RELATORIO LIKE '%1';

DELETE FROM RELATORIO r WHERE COD_LOJA LIKE '%3';

-----------------------------------------------------------------------

SELECT PEDIDO.COD_PEDIDO, 
PEDIDO.STATUS, 
VENDEDOR.COD_VENDEDOR, 
VENDEDOR.NOME
FROM PEDIDO 
INNER JOIN VENDEDOR ON PEDIDO.COD_VENDEDOR = VENDEDOR.COD_VENDEDOR;

SELECT PEDIDO.COD_PEDIDO,
PEDIDO.VLR_PEDIDO,
CLIENTE.COD_CLIENTE,
CLIENTE.NOME 
FROM PEDIDO 
INNER JOIN CLIENTE ON PEDIDO.COD_CLIENTE = CLIENTE.COD_CLIENTE;

SELECT PEDIDO.COD_PEDIDO,
PEDIDO.TEMPO_ESPERA,
CLIENTE.COD_CLIENTE,
CLIENTE.NOME 
FROM PEDIDO
INNER JOIN CLIENTE ON PEDIDO.COD_CLIENTE = CLIENTE.COD_CLIENTE;

SELECT
ESTOQUE.QTD_PRODUTO,
PRODUTO.COD_PRODUTO,
PRODUTO.NOME,
PRODUTO.VLR_PRODUTO
FROM ESTOQUE 
INNER JOIN PRODUTO ON ESTOQUE.COD_PRODUTO = PRODUTO.COD_PRODUTO;